{"P_Mpa":0.1,"N2":0.4715729249,"CO2":0.4332569308,"H2S":0.0,"H2":0.0,"H2O":0.0,"He":0.0,"CH4":92.2735882289,"C2H6":4.3352495955,"C3H8":0.8031771937,"i-C4H10":0.5083015819,"n-C4H10":0.2356948135,"C5+":0.9391587308}
{"P_Mpa":0.8668965517,"N2":0.4863528007,"CO2":0.4238996325,"H2S":0.0,"H2":0.0,"H2O":0.0,"He":0.0,"CH4":92.8288548798,"C2H6":4.0784006916,"C3H8":0.6987600098,"i-C4H10":0.416502897,"n-C4H10":0.1917935091,"C5+":0.8754355795}
{"P_Mpa":1.6337931034,"N2":0.4933269663,"CO2":0.4196786313,"H2S":0.0,"H2":0.0,"H2O":0.0,"He":0.0,"CH4":93.1065628954,"C2H6":3.963943212,"C3H8":0.6527754369,"i-C4H10":0.3744590191,"n-C4H10":0.1726344132,"C5+":0.8166194257}
{"P_Mpa":2.4006896552,"N2":0.4975256465,"CO2":0.4172548429,"H2S":0.0,"H2":0.0,"H2O":0.0,"He":0.0,"CH4":93.2820591967,"C2H6":3.8998817993,"C3H8":0.6275661745,"i-C4H10":0.3500694694,"n-C4H10":0.1622905428,"C5+":0.763352328}
{"P_Mpa":3.1675862069,"N2":0.5004088659,"CO2":0.4156566572,"H2S":0.0,"H2":0.0,"H2O":0.0,"He":0.0,"CH4":93.4059435528,"C2H6":3.859464145,"C3H8":0.6121811422,"i-C4H10":0.33402042,"n-C4H10":0.1561297636,"C5+":0.7161954534}
{"P_Mpa":3.9344827586,"N2":0.5025530379,"CO2":0.4144990073,"H2S":0.0,"H2":0.0,"H2O":0.0,"He":0.0,"CH4":93.4980139194,"C2H6":3.8320807681,"C3H8":0.6022726263,"i-C4H10":0.3226401341,"n-C4H10":0.1523117342,"C5+":0.6756287727}
{"P_Mpa":4.7013793103,"N2":0.5042281152,"CO2":0.4136008073,"H2S":0.0,"H2":0.0,"H2O":0.0,"He":0.0,"CH4":93.5674602458,"C2H6":3.8127120965,"C3H8":0.5957744307,"i-C4H10":0.3142144798,"n-C4H10":0.1499595673,"C5+":0.6420502575}
{"P_Mpa":5.4682758621,"N2":0.5055738376,"CO2":0.4128681301,"H2S":0.0,"H2":0.0,"H2O":0.0,"He":0.0,"CH4":93.6190420854,"C2H6":3.7987005239,"C3H8":0.5915787743,"i-C4H10":0.3078597167,"n-C4H10":0.1485998199,"C5+":0.6157771122}
{"P_Mpa":6.2351724138,"N2":0.5066661987,"CO2":0.412250152,"H2S":0.0,"H2":0.0,"H2O":0.0,"He":0.0,"CH4":93.6554303459,"C2H6":3.78852851,"C3H8":0.5890345656,"i-C4H10":0.303094796,"n-C4H10":0.1479499171,"C5+":0.5970455146}
{"P_Mpa":7.0020689655,"N2":0.5075464966,"CO2":0.411719873,"H2S":0.0,"H2":0.0,"H2O":0.0,"He":0.0,"CH4":93.6782399803,"C2H6":3.7812814645,"C3H8":0.587726531,"i-C4H10":0.2996513167,"n-C4H10":0.1478244808,"C5+":0.5860098572}
{"P_Mpa":7.7689655172,"N2":0.508235704,"CO2":0.4112645062,"H2S":0.0,"H2":0.0,"H2O":0.0,"He":0.0,"CH4":93.6885426442,"C2H6":3.7763817063,"C3H8":0.587366418,"i-C4H10":0.2973762067,"n-C4H10":0.1480893149,"C5+":0.5827434997}
{"P_Mpa":8.535862069,"N2":0.5087424286,"CO2":0.4108797729,"H2S":0.0,"H2":0.0,"H2O":0.0,"He":0.0,"CH4":93.6871148886,"C2H6":3.7734404761,"C3H8":0.5877346667,"i-C4H10":0.2961737775,"n-C4H10":0.1486371942,"C5+":0.5872767955}
{"P_Mpa":9.3027586207,"N2":0.5090649278,"CO2":0.4105632693,"H2S":0.0,"H2":0.0,"H2O":0.0,"He":0.0,"CH4":93.6739731695,"C2H6":3.7721435003,"C3H8":0.5886443645,"i-C4H10":0.2959640365,"n-C4H10":0.1493742931,"C5+":0.600272439}
{"P_Mpa":10.0696551724,"N2":0.509207371,"CO2":0.4103209406,"H2S":0.0,"H2":0.0,"H2O":0.0,"He":0.0,"CH4":93.6506756987,"C2H6":3.7722821448,"C3H8":0.5899386045,"i-C4H10":0.2966600159,"n-C4H10":0.1502183817,"C5+":0.6206968428}
{"P_Mpa":10.8365517241,"N2":0.5091710788,"CO2":0.4101542174,"H2S":0.0,"H2":0.0,"H2O":0.0,"He":0.0,"CH4":93.6180817047,"C2H6":3.7736247962,"C3H8":0.5914705499,"i-C4H10":0.2981394344,"n-C4H10":0.1510950403,"C5+":0.6482631783}
{"P_Mpa":11.6034482759,"N2":0.5089618364,"CO2":0.4100611704,"H2S":0.0,"H2":0.0,"H2O":0.0,"He":0.0,"CH4":93.5771539513,"C2H6":3.7759304734,"C3H8":0.5931108508,"i-C4H10":0.3002362154,"n-C4H10":0.1519423299,"C5+":0.6826031724}
{"P_Mpa":12.3703448276,"N2":0.5085919147,"CO2":0.4100350743,"H2S":0.0,"H2":0.0,"H2O":0.0,"He":0.0,"CH4":93.5289450094,"C2H6":3.7789478537,"C3H8":0.5947552872,"i-C4H10":0.302741781,"n-C4H10":0.1527159972,"C5+":0.7232670825}
{"P_Mpa":13.1372413793,"N2":0.5080806054,"CO2":0.4100641415,"H2S":0.0,"H2":0.0,"H2O":0.0,"He":0.0,"CH4":93.4745549306,"C2H6":3.7824286405,"C3H8":0.5963339171,"i-C4H10":0.3054189176,"n-C4H10":0.1533942973,"C5+":0.76972455}
{"P_Mpa":13.904137931,"N2":0.5074531303,"CO2":0.410132543,"H2S":0.0,"H2":0.0,"H2O":0.0,"He":0.0,"CH4":93.4150769871,"C2H6":3.7861499601,"C3H8":0.5978178722,"i-C4H10":0.3080253425,"n-C4H10":0.153980387,"C5+":0.8213637778}
{"P_Mpa":14.6710344828,"N2":0.5067382102,"CO2":0.4102224542,"H2S":0.0,"H2":0.0,"H2O":0.0,"He":0.0,"CH4":93.3515472046,"C2H6":3.7899380015,"C3H8":0.599220729,"i-C4H10":0.3103413032,"n-C4H10":0.1545009917,"C5+":0.8774911055}
{"P_Mpa":15.4379310345,"N2":0.5059649625,"CO2":0.4103165803,"H2S":0.0,"H2":0.0,"H2O":0.0,"He":0.0,"CH4":93.2849120097,"C2H6":3.7936851253,"C3H8":0.6005930981,"i-C4H10":0.3121949593,"n-C4H10":0.1550011861,"C5+":0.9373320788}
{"P_Mpa":16.2048275862,"N2":0.5051599241,"CO2":0.4104005733,"H2S":0.0,"H2":0.0,"H2O":0.0,"He":0.0,"CH4":93.2160254489,"C2H6":3.7973551899,"C3H8":0.6020108185,"i-C4H10":0.3134814311,"n-C4H10":0.1555360497,"C5+":1.0000305645}
{"P_Mpa":16.9717241379,"N2":0.5043447289,"CO2":0.4104648713,"H2S":0.0,"H2":0.0,"H2O":0.0,"He":0.0,"CH4":93.1456660241,"C2H6":3.8009744734,"C3H8":0.6035577757,"i-C4H10":0.3141751134,"n-C4H10":0.1561601052,"C5+":1.0646569079}
{"P_Mpa":17.7386206897,"N2":0.5035352733,"CO2":0.4105063283,"H2S":0.0,"H2":0.0,"H2O":0.0,"He":0.0,"CH4":93.0746802418,"C2H6":3.8046125355,"C3H8":0.6053044191,"i-C4H10":0.3143388311,"n-C4H10":0.1569149737,"C5+":1.1301073972}
{"P_Mpa":18.5055172414,"N2":0.5027414956,"CO2":0.410529115,"H2S":0.0,"H2":0.0,"H2O":0.0,"He":0.0,"CH4":93.0041018151,"C2H6":3.8083465425,"C3H8":0.6072795295,"i-C4H10":0.3141343933,"n-C4H10":0.1578140394,"C5+":1.1950530696}
{"P_Mpa":19.2724137931,"N2":0.5019658716,"CO2":0.4105437074,"H2S":0.0,"H2":0.0,"H2O":0.0,"He":0.0,"CH4":92.9349301868,"C2H6":3.812193441,"C3H8":0.6094297515,"i-C4H10":0.3138376641,"n-C4H10":0.1588215474,"C5+":1.2582778302}
{"P_Mpa":20.0393103448,"N2":0.5012053089,"CO2":0.4105678745,"H2S":0.0,"H2":0.0,"H2O":0.0,"He":0.0,"CH4":92.8684452605,"C2H6":3.8160417399,"C3H8":0.6115693349,"i-C4H10":0.3138604194,"n-C4H10":0.1598258127,"C5+":1.3184842492}
{"P_Mpa":20.8062068966,"N2":0.5004531219,"CO2":0.4106262941,"H2S":0.0,"H2":0.0,"H2O":0.0,"He":0.0,"CH4":92.8063797999,"C2H6":3.8195566166,"C3H8":0.6133189544,"i-C4H10":0.3147645937,"n-C4H10":0.1606074322,"C5+":1.3742931872}
{"P_Mpa":21.5731034483,"N2":0.4997029406,"CO2":0.4107484854,"H2S":0.0,"H2":0.0,"H2O":0.0,"He":0.0,"CH4":92.7511037847,"C2H6":3.8220890533,"C3H8":0.6140575265,"i-C4H10":0.3172371747,"n-C4H10":0.1608157393,"C5+":1.4242452956}
{"P_Mpa":22.34,"N2":0.499,"CO2":0.411,"H2S":0.0,"H2":0.0,"H2O":0.0,"He":0.0,"CH4":92.714,"C2H6":3.823,"C3H8":0.613,"i-C4H10":0.322,"n-C4H10":0.16,"C5+":1.458}
