{
    "C5_plus": 83.88324834141692,
    "kik": 0.6409451374422125,
    "coeff_experiment": [
        -0.000600912437303842,
        0.017297396298225465,
        0.19543847546421145,
        -4.968354729203001,
        54.15615148457613
    ],
    "coef_type": [
        1.526753697424521e-06,
        -2.8377447092073974e-05,
        -0.0017816486374349105,
        0.03664442566980517,
        0.31722879907322465,
        -4.887692081097457,
        42.33771047068504
    ],
    "results_table": {
        "P": [
            0.1,
            0.8669,
            1.63379,
            2.40069,
            3.16759,
            3.93448,
            4.70138,
            5.46828,
            6.23517,
            7.00207,
            7.76897,
            8.53586,
            9.30276,
            10.06966,
            10.83655,
            11.60345,
            12.37034,
            13.13724,
            13.90414,
            14.67103,
            15.43793,
            16.20483,
            16.97172,
            17.73862,
            18.50552,
            19.27241,
            20.03931,
            20.80621,
            21.5731,
            22.34
        ],
        "KGF_experiment": [
            53.66129,
            50.00691,
            46.63172,
            43.57441,
            40.86867,
            38.54319,
            36.62168,
            35.12287,
            34.0605,
            33.44331,
            33.27505,
            33.5545,
            34.27544,
            35.42666,
            36.99196,
            38.95016,
            41.27509,
            43.93558,
            46.89548,
            50.11366,
            53.54399,
            57.13534,
            60.83163,
            64.57175,
            68.28962,
            71.91418,
            75.36936,
            78.57412,
            81.44242,
            83.88325
        ],
        "KGF_type": [
            41.85215,
            38.36184,
            35.34582,
            32.87803,
            31.01624,
            29.80176,
            29.2593,
            29.39712,
            30.20741,
            31.66684,
            33.73737,
            36.3673,
            39.49249,
            43.03782,
            46.91895,
            51.04419,
            55.31665,
            59.63662,
            63.90417,
            68.02194,
            71.89819,
            75.4501,
            78.60717,
            81.31503,
            83.5393,
            85.26979,
            86.52486,
            87.35602,
            87.85278,
            88.1477
        ]
    }
}