{
    "C5_plus": 83.88324834141692,
    "kik": 0.6409451374422125,
    "coeff_experiment": [
        -0.000600912437303842,
        0.017297396298225465,
        0.19543847546421145,
        -4.968354729203001,
        54.15615148457613
    ],
    "coef_type": [
        1.526753697424521e-06,
        -2.8377447092073974e-05,
        -0.0017816486374349105,
        0.03664442566980517,
        0.31722879907322465,
        -4.887692081097457,
        42.33771047068504
    ],
    "results_table": {
        "P": [
            0.1,
            0.94393,
            1.78786,
            2.63179,
            3.47572,
            4.31966,
            5.16359,
            6.00752,
            6.85145,
            7.69538,
            8.53931,
            9.38324,
            10.22717,
            11.0711,
            11.91503,
            12.75897,
            13.6029,
            14.44683,
            15.29076,
            16.13469,
            16.97862,
            17.82255,
            18.66648,
            19.51041,
            20.35434,
            21.19828,
            22.04221,
            22.88614,
            23.73007,
            24.574
        ],
        "KGF_experiment": [
            53.66129,
            49.65457,
            45.99084,
            42.72062,
            39.88715,
            37.52633,
            35.66675,
            34.32971,
            33.52915,
            33.27172,
            33.55676,
            34.37629,
            35.715,
            37.55028,
            39.85219,
            42.58349,
            45.69963,
            49.14871,
            52.87156,
            56.80165,
            60.86516,
            64.98096,
            69.06059,
            73.00828,
            76.72094,
            80.08816,
            82.99224,
            83.88325,
            83.88325,
            83.88325
        ],
        "KGF_type": [
            41.85215,
            38.0361,
            34.80394,
            32.25098,
            30.44872,
            29.44441,
            29.26106,
            29.89778,
            31.33058,
            33.51352,
            36.3803,
            39.84621,
            43.8105,
            48.15912,
            52.76791,
            57.50613,
            62.24042,
            66.83912,
            71.17706,
            75.14069,
            78.63359,
            81.58243,
            83.9433,
            85.70846,
            86.91341,
            87.64449,
            88.04674,
            88.2,
            88.2,
            88.2
        ]
    }
}