{
  "Ppr": 4.9838,
  "Tpr": 1122.6362,
  "m": 0.6186,
  "Z_calc": 0.8495,
  "Z_deviation": 6.03,
  "rho": 0.001,
  "rho_std": 21.361,
  "mu": 0.01761,
  "mu_std": 0.011,
  "mu_deviation": 26.61,
  "Bg": 0.48117
}