{"P_Mpa":0.1,"N2":0.4716036569,"CO2":0.4332851658,"H2S":0.0,"H2":0.0,"H2O":0.0,"He":0.0,"CH4":92.2796016178,"C2H6":4.33553212,"C3H8":0.803229536,"i-C4H10":0.5083347074,"n-C4H10":0.2357101735,"C5+":0.9327030226}
{"P_Mpa":0.8668965517,"N2":0.4863834669,"CO2":0.4239263608,"H2S":0.0,"H2":0.0,"H2O":0.0,"He":0.0,"CH4":92.8347080626,"C2H6":4.078657849,"C3H8":0.6988040691,"i-C4H10":0.416529159,"n-C4H10":0.1918056024,"C5+":0.8691854302}
{"P_Mpa":1.6337931034,"N2":0.4933573055,"CO2":0.4197044412,"H2S":0.0,"H2":0.0,"H2O":0.0,"He":0.0,"CH4":93.1122888654,"C2H6":3.964186991,"C3H8":0.652815582,"i-C4H10":0.374482048,"n-C4H10":0.1726450301,"C5+":0.8105197369}
{"P_Mpa":2.4006896552,"N2":0.4975555892,"CO2":0.4172799546,"H2S":0.0,"H2":0.0,"H2O":0.0,"He":0.0,"CH4":93.2876732075,"C2H6":3.9001165066,"C3H8":0.6276039434,"i-C4H10":0.3500905377,"n-C4H10":0.16230031,"C5+":0.7573799511}
{"P_Mpa":3.1675862069,"N2":0.5004383236,"CO2":0.4156811258,"H2S":0.0,"H2":0.0,"H2O":0.0,"He":0.0,"CH4":93.4114421131,"C2H6":3.8596913414,"C3H8":0.6122171796,"i-C4H10":0.3340400829,"n-C4H10":0.1561389546,"C5+":0.710350879}
{"P_Mpa":3.9344827586,"N2":0.5025818687,"CO2":0.4145227865,"H2S":0.0,"H2":0.0,"H2O":0.0,"He":0.0,"CH4":93.5033777824,"C2H6":3.8323006098,"C3H8":0.6023071779,"i-C4H10":0.3226586436,"n-C4H10":0.1523204722,"C5+":0.6699306589}
{"P_Mpa":4.7013793103,"N2":0.5042561172,"CO2":0.4136237764,"H2S":0.0,"H2":0.0,"H2O":0.0,"He":0.0,"CH4":93.5726564657,"C2H6":3.8129238335,"C3H8":0.5958075167,"i-C4H10":0.3142319295,"n-C4H10":0.1499678952,"C5+":0.6365324658}
{"P_Mpa":5.4682758621,"N2":0.5056007777,"CO2":0.4128901302,"H2S":0.0,"H2":0.0,"H2O":0.0,"He":0.0,"CH4":93.6240306844,"C2H6":3.798902942,"C3H8":0.5916102973,"i-C4H10":0.3078761213,"n-C4H10":0.1486077382,"C5+":0.6104813089}
{"P_Mpa":6.2351724138,"N2":0.5066918358,"CO2":0.4122710117,"H2S":0.0,"H2":0.0,"H2O":0.0,"He":0.0,"CH4":93.660169276,"C2H6":3.7887202082,"C3H8":0.5890643705,"i-C4H10":0.3031101325,"n-C4H10":0.1479574033,"C5+":0.592015762}
{"P_Mpa":7.0020689655,"N2":0.5075706022,"CO2":0.4117394274,"H2S":0.0,"H2":0.0,"H2O":0.0,"He":0.0,"CH4":93.6826891761,"C2H6":3.7814610544,"C3H8":0.5877544447,"i-C4H10":0.2996655485,"n-C4H10":0.1478315016,"C5+":0.5812882452}
{"P_Mpa":7.7689655172,"N2":0.5082580944,"CO2":0.4112826245,"H2S":0.0,"H2":0.0,"H2O":0.0,"He":0.0,"CH4":93.6926700951,"C2H6":3.7765480749,"C3H8":0.5873922944,"i-C4H10":0.2973893076,"n-C4H10":0.148095839,"C5+":0.5783636701}
{"P_Mpa":8.535862069,"N2":0.5087631846,"CO2":0.4108965362,"H2S":0.0,"H2":0.0,"H2O":0.0,"He":0.0,"CH4":93.6909371956,"C2H6":3.7735944273,"C3H8":0.5877586455,"i-C4H10":0.296185861,"n-C4H10":0.1486432584,"C5+":0.5832208914}
{"P_Mpa":9.3027586207,"N2":0.5090880802,"CO2":0.4105819418,"H2S":0.0,"H2":0.0,"H2O":0.0,"He":0.0,"CH4":93.6782334895,"C2H6":3.7723150585,"C3H8":0.5886711362,"i-C4H10":0.295977497,"n-C4H10":0.1493810867,"C5+":0.59575171}
{"P_Mpa":10.0696551724,"N2":0.5092326601,"CO2":0.4103413186,"H2S":0.0,"H2":0.0,"H2O":0.0,"He":0.0,"CH4":93.6553267295,"C2H6":3.7724694899,"C3H8":0.589967903,"i-C4H10":0.2966747492,"n-C4H10":0.1502258421,"C5+":0.6157613077}
{"P_Mpa":10.8365517241,"N2":0.5091982139,"CO2":0.4101760756,"H2S":0.0,"H2":0.0,"H2O":0.0,"He":0.0,"CH4":93.623070861,"C2H6":3.7738259027,"C3H8":0.591502071,"i-C4H10":0.298155323,"n-C4H10":0.1511030926,"C5+":0.6429684603}
{"P_Mpa":11.6034482759,"N2":0.508990528,"CO2":0.4100842867,"H2S":0.0,"H2":0.0,"H2O":0.0,"He":0.0,"CH4":93.5824291596,"C2H6":3.7761433332,"C3H8":0.5931442861,"i-C4H10":0.3002531406,"n-C4H10":0.1519508953,"C5+":0.6770043705}
{"P_Mpa":12.3703448276,"N2":0.5086218945,"CO2":0.4100592445,"H2S":0.0,"H2":0.0,"H2O":0.0,"He":0.0,"CH4":93.534458233,"C2H6":3.7791706103,"C3H8":0.594790346,"i-C4H10":0.3027596266,"n-C4H10":0.1527249993,"C5+":0.7174150458}
{"P_Mpa":13.1372413793,"N2":0.5081116694,"CO2":0.4100892127,"H2S":0.0,"H2":0.0,"H2O":0.0,"He":0.0,"CH4":93.4802699525,"C2H6":3.7826598977,"C3H8":0.5963703768,"i-C4H10":0.3054375909,"n-C4H10":0.1534036758,"C5+":0.7636576242}
{"P_Mpa":13.904137931,"N2":0.5074851573,"CO2":0.4101584277,"H2S":0.0,"H2":0.0,"H2O":0.0,"He":0.0,"CH4":93.4209727037,"C2H6":3.7863889158,"C3H8":0.5978556023,"i-C4H10":0.308044783,"n-C4H10":0.1539901052,"C5+":0.8151043051}
{"P_Mpa":14.6710344828,"N2":0.5067711849,"CO2":0.4102491485,"H2S":0.0,"H2":0.0,"H2O":0.0,"He":0.0,"CH4":93.3576218318,"C2H6":3.7901846226,"C3H8":0.5992597219,"i-C4H10":0.3103614979,"n-C4H10":0.1545110454,"C5+":0.871040947}
{"P_Mpa":15.4379310345,"N2":0.5059990184,"CO2":0.4103441983,"H2S":0.0,"H2":0.0,"H2O":0.0,"He":0.0,"CH4":93.2911909139,"C2H6":3.793940474,"C3H8":0.6006335234,"i-C4H10":0.3122159728,"n-C4H10":0.1550116191,"C5+":0.9306642802}
{"P_Mpa":16.2048275862,"N2":0.5051953579,"CO2":0.4104293603,"H2S":0.0,"H2":0.0,"H2O":0.0,"He":0.0,"CH4":93.2225639717,"C2H6":3.7976215507,"C3H8":0.6020530458,"i-C4H10":0.3135034198,"n-C4H10":0.1555469596,"C5+":0.9930863342}
{"P_Mpa":16.9717241379,"N2":0.5043820631,"CO2":0.410495256,"H2S":0.0,"H2":0.0,"H2O":0.0,"He":0.0,"CH4":93.1525611409,"C2H6":3.8012558409,"C3H8":0.6036024542,"i-C4H10":0.3141983703,"n-C4H10":0.156171665,"C5+":1.0573332097}
{"P_Mpa":17.7386206897,"N2":0.5035748265,"CO2":0.410538574,"H2S":0.0,"H2":0.0,"H2O":0.0,"He":0.0,"CH4":93.0819913514,"C2H6":3.8049113916,"C3H8":0.6053519663,"i-C4H10":0.3143635227,"n-C4H10":0.1569272995,"C5+":1.1223410678}
{"P_Mpa":18.5055172414,"N2":0.5027826637,"CO2":0.4105627322,"H2S":0.0,"H2":0.0,"H2O":0.0,"He":0.0,"CH4":93.0117176748,"C2H6":3.808658398,"C3H8":0.607329258,"i-C4H10":0.3141601169,"n-C4H10":0.1578269624,"C5+":1.186962194}
{"P_Mpa":19.2724137931,"N2":0.5020081447,"CO2":0.4105782813,"H2S":0.0,"H2":0.0,"H2O":0.0,"He":0.0,"CH4":92.9427567066,"C2H6":3.8125144851,"C3H8":0.6094810746,"i-C4H10":0.313864094,"n-C4H10":0.1588349226,"C5+":1.2499622911}
{"P_Mpa":20.0393103448,"N2":0.5012483115,"CO2":0.4106031006,"H2S":0.0,"H2":0.0,"H2O":0.0,"He":0.0,"CH4":92.8764132161,"C2H6":3.8163691498,"C3H8":0.6116218065,"i-C4H10":0.3138873481,"n-C4H10":0.1598395255,"C5+":1.310017542}
{"P_Mpa":20.8062068966,"N2":0.5004966236,"CO2":0.4106619876,"H2S":0.0,"H2":0.0,"H2O":0.0,"He":0.0,"CH4":92.8144469554,"C2H6":3.81988863,"C3H8":0.6133722669,"i-C4H10":0.3147919545,"n-C4H10":0.1606213929,"C5+":1.3657201891}
{"P_Mpa":21.5731034483,"N2":0.4997468903,"CO2":0.4107846114,"H2S":0.0,"H2":0.0,"H2O":0.0,"He":0.0,"CH4":92.759261402,"C2H6":3.8224252126,"C3H8":0.6141115339,"i-C4H10":0.3172650763,"n-C4H10":0.1608298833,"C5+":1.4155753903}
{"P_Mpa":22.34,"N2":0.499,"CO2":0.411,"H2S":0.0,"H2":0.0,"H2O":0.0,"He":0.0,"CH4":92.714,"C2H6":3.823,"C3H8":0.613,"i-C4H10":0.322,"n-C4H10":0.16,"C5+":1.458}
