{"P_Mpa":0.1,"N2":0.471603657,"CO2":0.4332851659,"H2S":0.0,"H2":0.0,"H2O":0.0,"He":0.0,"CH4":92.2796016389,"C2H6":4.3355321209,"C3H8":0.8032295362,"i-C4H10":0.5083347076,"n-C4H10":0.2357101736,"C5+":0.9327029999}
{"P_Mpa":0.8668965517,"N2":0.4863834687,"CO2":0.4239263623,"H2S":0.0,"H2":0.0,"H2O":0.0,"He":0.0,"CH4":92.8347083896,"C2H6":4.0786578633,"C3H8":0.6988040716,"i-C4H10":0.4165291604,"n-C4H10":0.1918056031,"C5+":0.869185081}
{"P_Mpa":1.6337931034,"N2":0.4933573042,"CO2":0.4197044401,"H2S":0.0,"H2":0.0,"H2O":0.0,"He":0.0,"CH4":93.1122886308,"C2H6":3.964186981,"C3H8":0.6528155804,"i-C4H10":0.374482047,"n-C4H10":0.1726450296,"C5+":0.8105199868}
{"P_Mpa":2.4006896552,"N2":0.497555589,"CO2":0.4172799545,"H2S":0.0,"H2":0.0,"H2O":0.0,"He":0.0,"CH4":93.2876731831,"C2H6":3.9001165055,"C3H8":0.6276039432,"i-C4H10":0.3500905376,"n-C4H10":0.1623003099,"C5+":0.7573799771}
{"P_Mpa":3.1675862069,"N2":0.500438325,"CO2":0.4156811269,"H2S":0.0,"H2":0.0,"H2O":0.0,"He":0.0,"CH4":93.4114423709,"C2H6":3.8596913521,"C3H8":0.6122171813,"i-C4H10":0.3340400838,"n-C4H10":0.156138955,"C5+":0.710350605}
{"P_Mpa":3.9344827586,"N2":0.5025818684,"CO2":0.4145227863,"H2S":0.0,"H2":0.0,"H2O":0.0,"He":0.0,"CH4":93.5033777277,"C2H6":3.8323006075,"C3H8":0.6023071776,"i-C4H10":0.3226586434,"n-C4H10":0.1523204721,"C5+":0.669930717}
{"P_Mpa":4.7013793103,"N2":0.5042561173,"CO2":0.4136237764,"H2S":0.0,"H2":0.0,"H2O":0.0,"He":0.0,"CH4":93.5726564775,"C2H6":3.8129238339,"C3H8":0.5958075168,"i-C4H10":0.3142319296,"n-C4H10":0.1499678952,"C5+":0.6365324533}
{"P_Mpa":5.4682758621,"N2":0.505600778,"CO2":0.4128901305,"H2S":0.0,"H2":0.0,"H2O":0.0,"He":0.0,"CH4":93.6240307424,"C2H6":3.7989029444,"C3H8":0.5916102976,"i-C4H10":0.3078761215,"n-C4H10":0.1486077383,"C5+":0.6104812473}
{"P_Mpa":6.2351724138,"N2":0.5066918355,"CO2":0.4122710114,"H2S":0.0,"H2":0.0,"H2O":0.0,"He":0.0,"CH4":93.6601692157,"C2H6":3.7887202057,"C3H8":0.5890643702,"i-C4H10":0.3031101323,"n-C4H10":0.1479574032,"C5+":0.592015826}
{"P_Mpa":7.0020689655,"N2":0.5075706024,"CO2":0.4117394275,"H2S":0.0,"H2":0.0,"H2O":0.0,"He":0.0,"CH4":93.6826892094,"C2H6":3.7814610557,"C3H8":0.5877544449,"i-C4H10":0.2996655486,"n-C4H10":0.1478315017,"C5+":0.5812882098}
{"P_Mpa":7.7689655172,"N2":0.5082580941,"CO2":0.4112826243,"H2S":0.0,"H2":0.0,"H2O":0.0,"He":0.0,"CH4":93.6926700551,"C2H6":3.7765480733,"C3H8":0.5873922942,"i-C4H10":0.2973893075,"n-C4H10":0.1480958389,"C5+":0.5783637126}
{"P_Mpa":8.535862069,"N2":0.5087631843,"CO2":0.410896536,"H2S":0.0,"H2":0.0,"H2O":0.0,"He":0.0,"CH4":93.6909371481,"C2H6":3.7735944254,"C3H8":0.5877586452,"i-C4H10":0.2961858608,"n-C4H10":0.1486432583,"C5+":0.5832209418}
{"P_Mpa":9.3027586207,"N2":0.5090880798,"CO2":0.4105819415,"H2S":0.0,"H2":0.0,"H2O":0.0,"He":0.0,"CH4":93.6782334065,"C2H6":3.7723150552,"C3H8":0.5886711357,"i-C4H10":0.2959774968,"n-C4H10":0.1493810866,"C5+":0.5957517981}
{"P_Mpa":10.0696551724,"N2":0.5092326592,"CO2":0.4103413179,"H2S":0.0,"H2":0.0,"H2O":0.0,"He":0.0,"CH4":93.655326571,"C2H6":3.7724694835,"C3H8":0.589967902,"i-C4H10":0.2966747487,"n-C4H10":0.1502258418,"C5+":0.6157614758}
{"P_Mpa":10.8365517241,"N2":0.5091982139,"CO2":0.4101760756,"H2S":0.0,"H2":0.0,"H2O":0.0,"He":0.0,"CH4":93.6230708587,"C2H6":3.7738259026,"C3H8":0.591502071,"i-C4H10":0.298155323,"n-C4H10":0.1511030926,"C5+":0.6429684627}
{"P_Mpa":11.6034482759,"N2":0.5089905271,"CO2":0.410084286,"H2S":0.0,"H2":0.0,"H2O":0.0,"He":0.0,"CH4":93.582429,"C2H6":3.7761433268,"C3H8":0.5931442851,"i-C4H10":0.3002531401,"n-C4H10":0.151950895,"C5+":0.6770045399}
{"P_Mpa":12.3703448276,"N2":0.5086218958,"CO2":0.4100592456,"H2S":0.0,"H2":0.0,"H2O":0.0,"He":0.0,"CH4":93.5344584815,"C2H6":3.7791706203,"C3H8":0.5947903476,"i-C4H10":0.3027596274,"n-C4H10":0.1527249997,"C5+":0.717414782}
{"P_Mpa":13.1372413793,"N2":0.5081116697,"CO2":0.410089213,"H2S":0.0,"H2":0.0,"H2O":0.0,"He":0.0,"CH4":93.4802700155,"C2H6":3.7826599002,"C3H8":0.5963703772,"i-C4H10":0.3054375911,"n-C4H10":0.1534036759,"C5+":0.7636575572}
{"P_Mpa":13.904137931,"N2":0.5074851561,"CO2":0.4101584268,"H2S":0.0,"H2":0.0,"H2O":0.0,"He":0.0,"CH4":93.4209724946,"C2H6":3.7863889073,"C3H8":0.597855601,"i-C4H10":0.3080447823,"n-C4H10":0.1539901048,"C5+":0.8151045271}
{"P_Mpa":14.6710344828,"N2":0.5067711865,"CO2":0.4102491497,"H2S":0.0,"H2":0.0,"H2O":0.0,"He":0.0,"CH4":93.3576221147,"C2H6":3.7901846341,"C3H8":0.5992597237,"i-C4H10":0.3103614989,"n-C4H10":0.1545110459,"C5+":0.8710406465}
{"P_Mpa":15.4379310345,"N2":0.505999019,"CO2":0.4103441988,"H2S":0.0,"H2":0.0,"H2O":0.0,"He":0.0,"CH4":93.2911910232,"C2H6":3.7939404784,"C3H8":0.6006335241,"i-C4H10":0.3122159731,"n-C4H10":0.1550116193,"C5+":0.9306641641}
{"P_Mpa":16.2048275862,"N2":0.5051953564,"CO2":0.4104293591,"H2S":0.0,"H2":0.0,"H2O":0.0,"He":0.0,"CH4":93.2225637008,"C2H6":3.7976215397,"C3H8":0.602053044,"i-C4H10":0.3135034189,"n-C4H10":0.1555469592,"C5+":0.9930866218}
{"P_Mpa":16.9717241379,"N2":0.5043820649,"CO2":0.4104952575,"H2S":0.0,"H2":0.0,"H2O":0.0,"He":0.0,"CH4":93.1525614748,"C2H6":3.8012558546,"C3H8":0.6036024563,"i-C4H10":0.3141983714,"n-C4H10":0.1561716655,"C5+":1.057332855}
{"P_Mpa":17.7386206897,"N2":0.5035748269,"CO2":0.4105385743,"H2S":0.0,"H2":0.0,"H2O":0.0,"He":0.0,"CH4":93.0819914224,"C2H6":3.8049113946,"C3H8":0.6053519668,"i-C4H10":0.3143635229,"n-C4H10":0.1569272996,"C5+":1.1223409924}
{"P_Mpa":18.5055172414,"N2":0.5027826624,"CO2":0.4105627311,"H2S":0.0,"H2":0.0,"H2O":0.0,"He":0.0,"CH4":93.0117174277,"C2H6":3.8086583878,"C3H8":0.6073292564,"i-C4H10":0.3141601161,"n-C4H10":0.157826962,"C5+":1.1869624565}
{"P_Mpa":19.2724137931,"N2":0.5020081464,"CO2":0.4105782827,"H2S":0.0,"H2":0.0,"H2O":0.0,"He":0.0,"CH4":92.9427570154,"C2H6":3.8125144977,"C3H8":0.6094810767,"i-C4H10":0.313864095,"n-C4H10":0.1588349231,"C5+":1.2499619631}
{"P_Mpa":20.0393103448,"N2":0.5012483116,"CO2":0.4106031007,"H2S":0.0,"H2":0.0,"H2O":0.0,"He":0.0,"CH4":92.8764132356,"C2H6":3.8163691506,"C3H8":0.6116218066,"i-C4H10":0.3138873482,"n-C4H10":0.1598395255,"C5+":1.3100175212}
{"P_Mpa":20.8062068966,"N2":0.5004966223,"CO2":0.4106619866,"H2S":0.0,"H2":0.0,"H2O":0.0,"He":0.0,"CH4":92.8144467252,"C2H6":3.8198886205,"C3H8":0.6133722654,"i-C4H10":0.3147919537,"n-C4H10":0.1606213926,"C5+":1.3657204338}
{"P_Mpa":21.5731034483,"N2":0.4997468908,"CO2":0.4107846118,"H2S":0.0,"H2":0.0,"H2O":0.0,"He":0.0,"CH4":92.75926149,"C2H6":3.8224252162,"C3H8":0.6141115344,"i-C4H10":0.3172650766,"n-C4H10":0.1608298834,"C5+":1.4155752968}
{"P_Mpa":22.34,"N2":0.499,"CO2":0.411,"H2S":0.0,"H2":0.0,"H2O":0.0,"He":0.0,"CH4":92.714,"C2H6":3.823,"C3H8":0.613,"i-C4H10":0.322,"n-C4H10":0.16,"C5+":1.458}
