{
    "results_table": {
        "well": [
            854
        ],
        "Kust": [
            5
        ],
        "Dzab": [
            114.0
        ],
        "S": [
            1.0
        ],
        "k_xy": [
            5.31
        ],
        "k_xy_frac": [
            0
        ],
        "k_z": [
            0.531
        ],
        "h_xy": [
            140
        ],
        "h_z": [
            0
        ],
        "Nfrac": [
            0
        ],
        "L/2": [
            0
        ],
        "k_frac": [
            0
        ],
        "teta": [
            0
        ],
        "w_frac": [
            0
        ],
        "poro_frac": [
            0.149
        ],
        "Area": [
            1.9890543834
        ],
        "heff": [
            6.8
        ],
        "NTG": [
            0.675
        ],
        "Pres": [
            17.2
        ],
        "Pzab": [
            15.5303500297553
        ],
        "Leff": [
            140.0
        ],
        "Rkg": [
            795.6982307341295
        ],
        "a_joshi": [
            797.2392455661485
        ],
        "rw_joshi": [
            28.696148137639277
        ],
        "Dxy": [
            1410.3383932234137
        ],
        "kh_xy": [
            235.08372125691733
        ],
        "kh_xy_shtrih": [
            319.4526186751905
        ],
        "kh_z": [
            0.0
        ],
        "Ro_xy": [
            94.88570458798219
        ],
        "Ro_xy_shtrih": [
            197.44739570004464
        ],
        "Roz": [
            277.8366634650125
        ],
        "Txy": [
            30.660253062625536
        ],
        "Txy_shtrih": [
            38.02927590116087
        ],
        "Tz": [
            0.0
        ],
        "kh": [
            319.4526186751905
        ],
        "T": [
            38.02927590116087
        ],
        "Rk": [
            197.4473957000447
        ],
        "betta": [
            4430779942.086501
        ],
        "Z(Pzab)": [
            0.846707813917039
        ],
        "mu(Pzab)": [
            0.017442084933581736
        ],
        "F": [
            0.007537786648722753
        ],
        "Djhoshi1": [
            5.71998250525699e-06
        ],
        "Djhoshi2": [
            5.0605499891454024e-05
        ],
        "Pcp": [
            16.386454345689316
        ],
        "Z(Pcp)": [
            0.8459619210289866
        ],
        "mu(Pcp)": [
            0.01789868256530215
        ],
        "a1": [
            0.07614401517305962
        ],
        "b1": [
            2.3591836734693873e-05
        ],
        "a2": [
            0.7128334054323751
        ],
        "b2": [
            1.1413417961840355e-06
        ],
        "a3": [
            0.18945514268903516
        ],
        "b3": [
            1.1413417961840357e-06
        ],
        "betta2": [
            0
        ],
        "Dxy_frac": [
            0.0
        ],
        "popr_Dy_1plus2": [
            0
        ],
        "T_frac1plus2": [
            0
        ],
        "popr_Dy_3": [
            0
        ],
        "T_frac3+": [
            0
        ],
        "R_frac": [
            0.0
        ],
        "a1_m": [
            653171.8864491418
        ],
        "a2_m": [
            0.114
        ],
        "hp": [
            0.0
        ],
        "hp_corr": [
            0.0
        ],
        "F_frac": [
            0.0
        ],
        "D_frac": [
            0.0
        ],
        "b_frac": [
            0.0
        ],
        "a_fr": [
            0.0
        ],
        "a_dren": [
            0.0
        ],
        "a_summ": [
            0.0
        ],
        "q_iter1": [
            0.0
        ],
        "P_temp1": [
            17.2
        ],
        "P_temp2": [
            15.5303500297553
        ],
        "P_sred": [
            16.36517501487765
        ],
        "P_sr": [
            15.953224208828386
        ],
        "Z(P_sr)": [
            0.8462470450981645
        ],
        "mu(P_sr)": [
            0.017665591369054635
        ],
        "a_fr2": [
            0
        ],
        "a_dren2": [
            0
        ],
        "a_summ2": [
            0
        ],
        "A_2param": [
            0.13279957893104738
        ],
        "B_2param": [
            1.1413417961840357e-06
        ],
        "Qgas_2param": [
            410.06386510900376
        ],
        "Qcondensate": [
            31.139269563659855
        ],
        "Psr_for_lmbd": [
            16.36517501487765
        ],
        "A_pseudo": [
            4.385254690440881
        ],
        "B_pseudo": [
            3.768893324361378e-05
        ],
        "lmbd(Psr)": [
            1081.4936401134248
        ],
        "Qgas_pseudo": [
            410.3228794860569
        ],
        "drill_ranking": [
            1
        ]
    }
}