{"q_gas":297.6,"bhp":17.05,"Pres":17.6,"thp":12.70766,"Pres2_bhp2":19.0575,"Pmean":17.325,"lmbda":1112.0027418466,"dP*lmbda":611.6015080156,"thp_calc":12.7735525195,"Zsr":0.8140922496,"density":142.2688074172,"visc":0.0186019396,"coef_hidr_resistance":0.0198705925}
{"q_gas":470.4,"bhp":16.67,"Pres":17.6,"thp":11.74628,"Pres2_bhp2":31.8711,"Pmean":17.135,"lmbda":1106.2785051071,"dP*lmbda":1028.8390097496,"thp_calc":11.7652684317,"Zsr":0.8140545428,"density":139.104449996,"visc":0.0183555174,"coef_hidr_resistance":0.0198705925}
{"q_gas":597.6,"bhp":16.31,"Pres":17.6,"thp":10.69964,"Pres2_bhp2":43.7439,"Pmean":16.955,"lmbda":1100.7143448198,"dP*lmbda":1419.9215048175,"thp_calc":10.6650880643,"Zsr":0.8141750286,"density":136.0802538488,"visc":0.0181246933,"coef_hidr_resistance":0.0198705925}
{"q_gas":708.0,"bhp":16.04,"Pres":17.6,"thp":9.7363,"Pres2_bhp2":52.4784,"Pmean":16.82,"lmbda":1096.4497998794,"dP*lmbda":1710.4616878119,"thp_calc":9.4753560543,"Zsr":0.814367592,"density":133.7959012416,"visc":0.0179533891,"coef_hidr_resistance":0.0198705925}
{"q_gas":780.0,"bhp":15.77,"Pres":17.6,"thp":8.8706,"Pres2_bhp2":61.0671,"Pmean":16.685,"lmbda":1092.1059404755,"dP*lmbda":1998.5538710702,"thp_calc":8.4052312078,"Zsr":0.8146495919,"density":131.4981905531,"visc":0.0177837433,"coef_hidr_resistance":0.0198705925}
{"q_gas":693.6,"bhp":15.95,"Pres":17.6,"thp":9.7343,"Pres2_bhp2":55.3575,"Pmean":16.775,"lmbda":1095.010701238,"dP*lmbda":1806.7676570427,"thp_calc":9.5222136776,"Zsr":0.8144515741,"density":133.0314571742,"visc":0.0178966516,"coef_hidr_resistance":0.0198705925}
{"q_gas":453.6,"bhp":16.49,"Pres":17.6,"thp":11.68748,"Pres2_bhp2":37.8399,"Pmean":17.045,"lmbda":1103.5137324685,"dP*lmbda":1224.90024304,"thp_calc":11.6999974885,"Zsr":0.8140955261,"density":137.595495149,"visc":0.0182397714,"coef_hidr_resistance":0.0198705925}
