{
    "coeff_experiment": [
        -0.000600912437303842,
        0.017297396298225465,
        0.19543847546421145,
        -4.968354729203001,
        54.15615148457613
    ],
    "C5_plus": 83.88324834141692,
    "kik": 0.6409451374422125,
    "coef_type": [
        1.5232825497297288e-06,
        -2.8312515817089866e-05,
        -0.0017776223158727266,
        0.03656147442678205,
        0.3165088436269671,
        -4.876608175558011,
        42.2417068654824
    ],
    "results_table": {
        "P": [
            0.1,
            0.8668965517241378,
            1.6337931034482758,
            2.4006896551724135,
            3.1675862068965515,
            3.9344827586206894,
            4.7013793103448265,
            5.468275862068965,
            6.235172413793102,
            7.00206896551724,
            7.768965517241378,
            8.535862068965516,
            9.302758620689653,
            10.06965517241379,
            10.83655172413793,
            11.603448275862068,
            12.370344827586205,
            13.137241379310343,
            13.90413793103448,
            14.67103448275862,
            15.437931034482757,
            16.204827586206896,
            16.971724137931034,
            17.73862068965517,
            18.50551724137931,
            19.272413793103446,
            20.039310344827584,
            20.806206896551725,
            21.573103448275862,
            22.34
        ],
        "KGF_experiment": [
            53.661287633715524,
            50.006905350300215,
            46.63172108257251,
            43.574412007982424,
            40.8686668085968,
            38.54318567109938,
            36.62168028679078,
            35.122873851588466,
            34.060501066026774,
            33.44330813525695,
            33.275052769047065,
            33.55450418178208,
            34.275443092463824,
            35.42666172471101,
            36.9919638067592,
            38.95016457146084,
            41.275090756285245,
            43.935580603318584,
            46.89548385926395,
            50.11366177544126,
            53.543987107787274,
            57.13534411685569,
            60.83162856781706,
            64.57174773045874,
            68.28962037918508,
            71.91417679301718,
            75.36935875559308,
            78.5741195551677,
            81.44242398461277,
            83.88324834141693
        ],
        "KGF_type": [
            41.75724751979346,
            38.27485345119927,
            35.265668945909376,
            32.803473453580224,
            30.94591292414155,
            29.73418544857009,
            29.19295001718309,
            29.33045839545145,
            30.138910117332646,
            31.595030596123358,
            33.66087235283181,
            36.284839362069846,
            39.402934515464686,
            42.940230202590485,
            46.81256200941954,
            50.928445534293175,
            55.19121632141254,
            59.50139291184888,
            63.75926301207373,
            67.86769278000874,
            71.73515922859507,
            75.27900574688294,
            78.42892073864033,
            81.13063937848206,
            83.34986848551777,
            85.07643451452034,
            86.3286546646139,
            87.15793110548115,
            87.6535683210908,
            87.94781357094446
        ]
    }
}