{"P_MPA":0.1,"ZPr":0.9982696501,"ZBB":0.9988300355,"ZGUR":0.997976068,"Density":0.6489133801,"mu_LG":0.0122896548,"mu_JST":0.0129157656,"Bg":null}
{"P_MPA":5.1,"ZPr":0.9218082871,"ZBB":0.9356000282,"ZGUR":0.91619108,"Density":35.331190573,"mu_LG":0.0132366549,"mu_JST":0.0135970113,"Bg":0.0210928028}
{"P_MPA":10.1,"ZPr":0.8701485518,"ZBB":0.8787464536,"ZGUR":0.8677042605,"Density":74.4965414678,"mu_LG":0.014901235,"mu_JST":0.0149791321,"Bg":0.0100036031}
{"P_MPA":15.1,"ZPr":0.8473661315,"ZBB":0.8439192855,"ZGUR":0.8464271491,"Density":115.972323441,"mu_LG":0.0172477649,"mu_JST":0.0172496916,"Bg":0.0064259628}
{"P_MPA":20.1,"ZPr":0.8505767758,"ZBB":0.8366704166,"ZGUR":0.8473845403,"Density":155.7112412244,"mu_LG":0.0201303773,"mu_JST":0.0202455328,"Bg":0.0047859989}
{"P_MPA":25.1,"ZPr":0.872708746,"ZBB":0.8546552161,"ZGUR":0.8665109286,"Density":190.3536007382,"mu_LG":0.0232483134,"mu_JST":0.0234756757,"Bg":0.0039149973}
{"P_MPA":30.1,"ZPr":0.9070651808,"ZBB":0.8915883807,"ZGUR":0.9004841727,"Density":218.8166767621,"mu_LG":0.0263144576,"mu_JST":0.026517822,"Bg":0.0034057451}
{"P_MPA":35.1,"ZPr":0.9489936521,"ZBB":0.9407058853,"ZGUR":0.946589574,"Density":241.8419176209,"mu_LG":0.029184777,"mu_JST":0.0292230826,"Bg":0.0030814916}
{"P_MPA":40.1,"ZPr":0.9956058323,"ZBB":0.9966719735,"ZGUR":1.0026088075,"Density":260.7776990452,"mu_LG":0.0318439254,"mu_JST":0.0316227915,"Bg":0.0028577361}
{"P_MPA":45.1,"ZPr":1.0451541915,"ZBB":1.0560414911,"ZGUR":1.0667291617,"Density":276.8049694346,"mu_LG":0.0343301548,"mu_JST":0.0337980674,"Bg":0.0026922704}
{"P_MPA":50.1,"ZPr":1.0965710781,"ZBB":1.1169159658,"ZGUR":1.1374693734,"Density":290.7338164572,"mu_LG":0.0366838231,"mu_JST":0.0358193008,"Bg":0.0025632857}
{"P_MPA":55.1,"ZPr":1.1491896249,"ZBB":1.1783838174,"ZGUR":1.2136190233,"Density":303.0701413657,"mu_LG":0.0389312699,"mu_JST":0.0377342597,"Bg":0.0024589484}
{"P_MPA":60.1,"ZPr":1.202582892,"ZBB":1.2400591203,"ZGUR":1.2941890137,"Density":314.1307155963,"mu_LG":0.0410864073,"mu_JST":0.0395729333,"Bg":0.0023723686}
{"P_MPA":65.1,"ZPr":1.2564711128,"ZBB":1.3017968264,"ZGUR":1.3783710997,"Density":324.1276664741,"mu_LG":0.0431561448,"mu_JST":0.0413542362,"Bg":0.0022991985}
{"P_MPA":70.1,"ZPr":1.3106671961,"ZBB":1.3635484133,"ZGUR":1.4655048216,"Density":333.2159473346,"mu_LG":0.0451444223,"mu_JST":0.0430906357,"Bg":0.0022364891}
